Moisture,Rainfall,Average Humidity,Mean Temp,millet yield
-1.029330684,-0.59493956,0.404919065,-1.239316239,0.176219512
-0.526621932,-0.684927802,0.404919065,-1.581196581,-1.043292683
-1.279944668,-0.730769231,0.350191028,-1.581196581,1.395731707
0.382303924,-0.381902967,0.678559252,-1.752136752,-1.043292683
0.811393159,-0.730769231,0.842743363,-1.752136752,-0.433536585
0.60835664,-0.431961648,0.842743363,-1.581196581,-1.043292683
-1.670038531,-0.436032527,0.623831214,-1.752136752,-0.433536585
-0.851289839,-0.617761758,0.459647103,-1.666666667,-0.433536585
-0.202118109,-0.505882198,0.733287289,-1.41025641,-1.043292683
-1.202084004,-0.070834286,0.678559252,-1.495726496,1.395731707
0.652030584,0.193618681,0.350191028,-1.581196581,0.176219512
-1.203626761,-0.730769231,0.733287289,-1.752136752,1.395731707
0.408309356,-0.730769231,0.952199438,-1.581196581,1.395731707
0.214116097,0.637135055,0.459647103,-1.41025641,-0.433536585
-0.834349598,0.087962088,0.51437514,-1.581196581,-1.043292683
0.354319416,0.352572637,0.186006917,-1.41025641,-0.433536585
-0.886603219,1.718086813,0.678559252,-1.41025641,-1.043292683
1.537322736,0.681926813,0.51437514,-1.752136752,0.176219512
-0.060796881,0.515592527,0.459647103,-1.923076923,-1.043292683
1.314254527,0.149050989,0.459647103,-2.008547009,-1.043292683
1.206782897,0.12280989,0.8974714,-1.837606838,-1.043292683
-0.421377062,0.304384945,1.171111587,-1.666666667,-1.043292683
-0.485004326,0.250027253,1.225839624,-2.008547009,-1.043292683
0.360632294,0.484142198,0.842743363,-2.008547009,-1.043292683
0.424566801,0.61210967,1.882576071,-1.837606838,-0.433536585
-0.727200402,1.243884615,1.280567661,-1.752136752,-0.433536585
2.193751811,2.440893516,1.280567661,-1.41025641,-1.043292683
-1.878802515,2.205166044,0.240734954,-1.41025641,1.395731707
-1.10422998,1.258806813,0.404919065,-1.581196581,1.395731707
0.5733166,0.941846813,0.51437514,-1.495726496,0.176219512
-0.837444769,-0.141604286,0.788015326,-1.41025641,-0.433536585
-1.023409155,1.059028791,0.131278879,-1.837606838,-1.043292683
-0.969532897,2.499617473,0.623831214,-1.923076923,-1.043292683
-0.149411368,1.212684505,-0.032905232,-1.495726496,-1.043292683
0.354600101,1.229996703,0.131278879,-0.982905983,-1.043292683
1.35278169,0.681346923,0.51437514,-1.068376068,-0.433536585
-2.639125855,-0.133505604,1.171111587,-1.068376068,1.395731707
0.63355,-0.341249231,0.733287289,-0.811965812,-1.043292683
1.673764688,0.065364505,1.280567661,-0.726495726,-0.433536585
0.394388229,0.784724505,1.937304108,-0.982905983,-0.433536585
-0.672592757,2.177064396,1.225839624,-0.726495726,-1.043292683
-0.486425151,2.321198681,0.623831214,-0.726495726,-1.043292683
-0.070843863,2.911758901,0.404919065,-0.47008547,-1.043292683
-1.112858551,2.469681319,-0.361273456,-0.384615385,1.395731707
-0.716753219,1.523218791,-0.251817381,-0.555555556,-0.433536585
0.288346177,1.492978571,0.459647103,-0.726495726,-1.043292683
1.441602113,1.099511319,-1.236922051,-1.068376068,-1.043292683
0.925517203,0.737897692,-0.799097754,-0.726495726,0.176219512
0.724230885,1.060154176,-0.908553828,-1.324786325,0.176219512
0.612532294,2.15319,-1.401106163,-1.666666667,0.176219512
0.630979276,3.10066,-0.853825791,-1.752136752,0.176219512
-0.10519829,2.7119,-0.744369716,-1.581196581,-1.043292683
0.167432797,2.004815055,-0.142361307,-1.923076923,-1.043292683
0.533197686,1.592253077,-0.634913642,-1.581196581,-1.043292683
1.016187223,1.258767912,-0.416001493,-1.153846154,0.176219512
0.421615191,1.105065385,-0.744369716,-0.982905983,0.176219512
-0.384400302,1.529008791,-0.251817381,-0.726495726,-0.433536585
-0.350057143,1.390320659,-0.306545419,-0.555555556,0.176219512
0.462924547,2.464661429,-0.251817381,-0.128205128,-0.433536585
1.426766298,2.683849011,0.021822805,-0.042735043,-1.043292683
-1.124245171,2.055630769,-0.142361307,-0.042735043,1.395731707
-0.593860463,2.435090659,-0.08763327,0.128205128,-1.043292683
-0.276467606,2.323035275,0.51437514,0.042735043,0.176219512
-0.240956137,1.849200549,0.623831214,-0.384615385,-0.433536585
-1.524982193,2.125091429,0.51437514,-0.042735043,1.395731707
0.887922736,1.886951209,0.623831214,-0.213675214,-1.043292683
-0.91725171,1.936904835,0.131278879,-0.128205128,-0.433536585
-0.352053823,1.619862967,1.006927475,-0.384615385,-0.433536585
-0.754426559,1.71625,0.678559252,-0.726495726,-1.043292683
0.79874004,1.737457253,0.788015326,-0.897435897,-0.433536585
-2.093177364,1.562344396,0.459647103,-0.726495726,1.395731707
0.313621429,1.688512527,-0.08763327,-0.299145299,-0.433536585
1.807832696,1.922856923,-0.744369716,0.128205128,-1.043292683
-0.531006237,2.407753516,-0.525457567,0.299145299,0.176219512
1.21872505,2.578230769,-0.908553828,0.47008547,0.176219512
-0.074454728,2.083035714,-0.908553828,0.47008547,0.176219512
-0.121589537,1.90868956,-0.908553828,0.299145299,0.176219512
0.007398692,1.969515165,-0.799097754,0.299145299,0.176219512
0.528482394,2.278726154,-0.361273456,0.213675214,-0.433536585
0.291287425,1.817541099,-0.744369716,0.384615385,0.176219512
-0.227790241,2.252171758,-0.361273456,-0.042735043,-1.043292683
1.50742334,0.955237143,-0.963281865,-0.042735043,-1.043292683
-1.856462475,0.850516593,-0.689641679,-0.213675214,1.395731707
1.749669115,0.255237582,-0.853825791,-0.128205128,-1.043292683
0.72818672,0.271485275,-1.236922051,0.299145299,0.176219512
0.096452817,0.777778022,-1.182194014,0.641025641,-1.043292683
-0.481533602,0.45262011,-1.182194014,0.641025641,0.176219512
-0.847867404,0.114896593,-1.510562238,0.128205128,-1.043292683
-0.290905131,0.467756374,-1.565290275,0.47008547,0.176219512
-0.99716338,0.691318681,-1.4558342,-0.042735043,0.176219512
-0.448931388,0.258243407,-1.565290275,-0.128205128,-1.043292683
0.322276861,0.31964989,-1.4558342,0.042735043,-1.043292683
-2.033949598,0.25702956,-1.565290275,0.213675214,1.395731707
0.288485513,0.614382308,-1.510562238,0.299145299,0.176219512
-0.005059457,0.193674176,-1.510562238,0.641025641,0.176219512
-1.048616801,-0.232005604,-1.729474386,0.726495726,1.395731707
-0.688585412,0.118787692,-1.893658498,0.982905983,0.176219512
-1.561240141,0.046036923,-2.003114573,0.384615385,1.395731707
-0.204412374,-0.56453956,-2.112570647,-0.042735043,0.176219512
-0.390311569,-0.578250769,-1.948386535,-0.384615385,0.176219512
1.045620523,0.181104176,-1.674746349,-0.726495726,-1.043292683
0.277361066,-0.131737363,-1.784202424,0.042735043,0.176219512
0.517917706,-0.061167253,-1.510562238,0.299145299,0.176219512
0.214573139,-0.730769231,-1.510562238,0.641025641,1.395731707
-1.057940141,-0.50615978,-1.838930461,0.641025641,1.395731707
-0.118695171,-0.660214505,-1.893658498,1.153846154,-1.043292683
0.282794668,-0.33694,-1.784202424,0.641025641,0.176219512
-0.378964588,0.014064286,-1.620018312,0.726495726,-1.043292683
0.911210463,-0.223014835,-1.510562238,0.811965812,0.176219512
-0.851838934,-0.531540549,-1.729474386,1.153846154,0.176219512
0.742512575,-0.186282857,-1.565290275,1.153846154,0.176219512
-0.59544004,-0.086483626,-1.674746349,1.153846154,-1.043292683
-0.255709054,0.662177582,-1.018009902,0.982905983,-1.043292683
2.660800604,0.548917253,-0.525457567,0.641025641,0.176219512
1.302871328,0.000499121,-0.853825791,0.641025641,-1.043292683
-0.476144467,0.429403846,-1.07273794,0.811965812,0.176219512
-1.060799598,1.325025495,-0.634913642,0.811965812,1.395731707
1.39277163,0.338883187,0.842743363,0.128205128,-1.043292683
1.641163883,-0.605516593,0.788015326,-0.213675214,-1.043292683
-0.557175755,-0.298895604,0.404919065,0.299145299,0.176219512
-1.434296378,-0.529274945,-0.361273456,0.47008547,-0.433536585
-1.273648189,-0.730769231,-0.142361307,0.641025641,1.395731707
0.824895473,-0.528355604,-0.08763327,0.213675214,-1.043292683
0.855585815,-0.730769231,-0.251817381,0.384615385,1.395731707
-0.064104125,-0.730769231,-0.525457567,0.47008547,1.395731707
1.372712978,-0.730769231,-0.47072953,0.811965812,1.395731707
1.196459859,-0.730769231,-1.127465977,1.239316239,-1.043292683
-0.560942555,-0.710875824,-1.4558342,1.495726496,-1.043292683
1.364918813,-0.730769231,-1.401106163,0.982905983,1.395731707
-0.266867907,-0.730769231,-1.510562238,0.811965812,1.395731707
-1.209818712,-0.730769231,-1.674746349,0.811965812,1.395731707
-1.169928571,-0.730769231,-1.729474386,1.153846154,0.78597561
2.535494567,-0.730769231,-1.620018312,1.41025641,-1.043292683
0.94567495,-0.730769231,-1.565290275,1.153846154,-1.043292683
-0.388801509,-0.72918978,-1.729474386,1.324786325,-1.043292683
0.194055634,-0.730769231,-1.674746349,1.324786325,-1.043292683
0.731560463,-0.730769231,-1.838930461,1.666666667,-1.043292683
0.074046982,-0.730769231,-1.401106163,1.324786325,-1.043292683
-1.94344497,-0.730769231,-1.182194014,1.581196581,-1.043292683
0.243878471,-0.626546374,-1.729474386,1.495726496,0.176219512
-1.548038431,-0.730769231,-1.784202424,1.41025641,-1.043292683
0.201017404,-0.730769231,-1.401106163,1.666666667,-1.043292683
-0.406441851,-0.730769231,-1.620018312,1.495726496,-1.043292683
1.553778773,-0.730769231,-1.346378126,1.581196581,-1.043292683
-0.199171026,-0.730769231,-1.4558342,1.41025641,-1.043292683
0.096855936,-0.730769231,-1.784202424,1.495726496,-1.043292683
1.767056439,-0.730769231,-1.674746349,1.324786325,-1.043292683
-0.028294366,-0.730769231,-1.784202424,1.153846154,-1.043292683
0.419826962,-0.730769231,-1.510562238,1.324786325,-1.043292683
-0.666149296,-0.730769231,-1.236922051,0.982905983,1.395731707
-0.989235312,-0.730769231,-1.838930461,1.239316239,-1.043292683
-0.890090241,-0.730769231,-1.784202424,1.324786325,-1.043292683
0.204248692,-0.730769231,-1.565290275,1.495726496,-1.043292683
0.590210563,-0.422971429,-1.565290275,1.495726496,0.176219512
-1.591088732,-0.479954286,-1.236922051,1.837606838,0.78597561
-0.994036117,-0.553885055,-1.346378126,1.837606838,-1.043292683
-1.500735412,-0.730769231,-1.674746349,1.837606838,0.78597561
0.606768209,-0.730769231,-0.47072953,1.324786325,-1.043292683
0.336073642,-0.730769231,-0.416001493,0.811965812,-0.433536585
0.797161871,-0.730769231,-1.127465977,1.153846154,-1.043292683
0.994402716,-0.730769231,-1.236922051,1.495726496,-1.043292683
-0.582897284,-0.730769231,-1.346378126,1.581196581,-1.043292683
-0.894341751,-0.730769231,-1.291650089,1.153846154,-1.043292683
0.681784205,-0.730769231,-1.291650089,1.324786325,-1.043292683
-0.778404527,-0.730769231,-0.799097754,1.153846154,-1.043292683
0.870737626,-0.730769231,-1.127465977,1.324786325,-1.043292683
0.204984205,-0.730769231,-1.4558342,1.581196581,-1.043292683
-0.434750201,-0.47456044,-1.4558342,1.666666667,0.176219512
0.070105433,-0.705112527,-1.565290275,1.666666667,-1.043292683
-1.024613682,-0.730769231,-1.510562238,1.923076923,-1.043292683
-2.430668008,-0.515688352,-1.236922051,1.837606838,-1.043292683
-0.449623742,-0.513325824,-0.963281865,2.008547009,-1.043292683
-2.099068008,-0.730769231,-0.361273456,1.495726496,-1.043292683
0.693374849,-0.730769231,0.788015326,0.811965812,-0.433536585
-1.616472938,-0.730769231,1.061655512,0.811965812,-0.433536585
-1.238097183,-0.730769231,0.678559252,1.324786325,-1.043292683
-1.351340543,-0.730769231,1.335295698,0.726495726,1.395731707
-2.481144769,-0.730769231,2.10148822,-0.042735043,1.395731707
0.664931992,-0.730769231,2.046760182,0.47008547,1.395731707
0.54230664,-0.730769231,1.390023736,0.726495726,1.395731707
-0.969208149,-0.730769231,1.116383549,0.811965812,1.395731707
0.780828873,-0.730769231,0.51437514,0.982905983,1.395731707
-0.620880584,-0.730769231,0.678559252,0.982905983,1.395731707
0.619048189,-0.730769231,1.061655512,0.811965812,1.395731707
1.601470926,-0.679758571,1.116383549,0.47008547,-1.043292683
-0.957826157,-0.126222747,1.718391959,0.47008547,-1.043292683
-0.081884507,-0.631077473,2.265672331,0.042735043,-1.043292683
-0.03121831,-0.357603956,1.335295698,0.555555556,-1.043292683
0.365102213,-0.499142088,1.006927475,0.726495726,-1.043292683
-0.432363078,-0.492454945,0.678559252,0.811965812,-1.043292683
0.861597887,-0.323544286,0.459647103,1.068376068,0.176219512
1.127621529,-0.573451538,0.788015326,0.811965812,-0.433536585
0.607851207,-0.730769231,1.006927475,0.47008547,-0.433536585
-1.866389437,-0.730769231,1.992032145,0.47008547,1.395731707
1.350020121,-0.730769231,2.758224666,-0.213675214,-1.043292683
-0.326301509,-0.457949341,2.375128406,0.128205128,-1.043292683
0.05650835,-0.730769231,2.375128406,0.128205128,-1.043292683
-1.097795674,-0.730769231,2.539312517,0.128205128,-1.043292683
0.111237525,-0.716893407,1.992032145,0.47008547,-1.043292683
-0.361195775,-0.730769231,0.51437514,0.641025641,1.395731707
0.281368008,-0.730769231,1.061655512,0.641025641,1.395731707
1.349177465,-0.730769231,0.623831214,0.726495726,1.395731707
1.379005936,-0.730769231,0.623831214,0.641025641,1.395731707
-0.857055433,-0.730769231,0.678559252,0.811965812,-0.433536585
0.67116167,-0.730769231,0.459647103,0.811965812,-0.433536585
-1.235432093,-0.730769231,1.006927475,0.811965812,1.395731707
-1.469984105,-0.730769231,1.390023736,0.982905983,1.395731707
0.386762173,-0.730769231,1.390023736,0.641025641,1.395731707
0.950899497,-0.730769231,1.992032145,0.555555556,1.395731707
0.766360865,-0.730769231,2.10148822,0.555555556,1.395731707
-0.816120926,-0.730769231,2.046760182,0.641025641,-0.433536585
-1.265901911,-0.730769231,1.608935884,0.641025641,1.395731707
-1.528895674,-0.730769231,1.335295698,0.811965812,-0.433536585
-0.904779074,-0.730769231,1.335295698,0.726495726,1.395731707
-0.959005231,-0.730769231,1.390023736,0.811965812,-0.433536585
1.413421328,-0.730769231,1.171111587,0.811965812,1.395731707
0.412214889,-0.730769231,1.49947981,0.555555556,-0.433536585
-0.05006006,-0.730769231,1.444751773,0.384615385,1.395731707
1.060244366,-0.730769231,0.678559252,0.299145299,1.395731707
0.908612173,-0.700016593,0.569103177,0.555555556,-1.043292683
-1.004922334,-0.730769231,0.404919065,0.641025641,1.395731707
-1.110094467,-0.118688022,0.623831214,0.726495726,1.395731707
1.351237324,-0.695288681,0.51437514,0.555555556,-1.043292683
-1.164859759,-0.730769231,0.569103177,0.47008547,1.395731707
-0.771685211,-0.730769231,0.404919065,0.811965812,1.395731707
-0.667272736,-0.730769231,0.459647103,0.811965812,1.395731707
0.650223239,-0.711828571,0.350191028,0.897435897,-1.043292683
-0.884087425,-0.44852033,1.225839624,0.811965812,-1.043292683
-0.903292254,-0.388522637,1.718391959,0.47008547,-0.433536585
-1.107133199,-0.671171319,1.444751773,0.47008547,1.395731707
-0.355515392,-0.097303407,1.006927475,0.641025641,-1.043292683
-1.41232002,-0.113645934,0.952199438,0.897435897,1.395731707
-0.910791348,0.676667692,0.733287289,0.641025641,-1.043292683
-2.400522133,0.264236593,0.623831214,0.641025641,-0.433536585
0.623864588,0.219268242,0.51437514,0.555555556,-1.043292683
1.575128873,0.162153956,0.459647103,0.555555556,-1.043292683
1.103580181,0.605506374,0.295462991,0.47008547,0.176219512
0.041543058,0.254606593,0.459647103,0.47008547,0.176219512
0.954927364,0.022537253,0.295462991,0.641025641,-0.433536585
-0.702458954,-0.730769231,-0.032905232,0.726495726,1.395731707
0.161140744,-0.730769231,-0.251817381,0.897435897,1.395731707
0.165639839,-0.57353022,-0.361273456,0.982905983,-0.433536585
0.138147988,-0.730769231,-0.251817381,0.897435897,-0.433536585
0.755678773,-0.51874022,-0.416001493,0.982905983,-0.433536585
-0.653190241,-0.71394033,-0.634913642,1.153846154,-1.043292683
-0.777787324,-0.326132088,-0.908553828,1.324786325,0.176219512
-0.418858954,0.281071758,-0.306545419,1.239316239,-0.433536585
-0.182531187,-0.597697033,0.076550842,1.068376068,-1.043292683
-2.063891952,-0.730769231,0.295462991,1.153846154,-1.043292683
-0.900688732,-0.730769231,0.678559252,0.811965812,1.395731707
-0.137155332,-0.730769231,1.663663922,0.47008547,1.395731707
0.167912575,-0.730769231,0.842743363,0.726495726,1.395731707
-1.356079678,-0.590388681,1.171111587,0.726495726,1.395731707
-0.783215091,-0.730769231,1.280567661,0.641025641,1.395731707
-1.193485412,-0.730769231,1.225839624,0.47008547,1.395731707
-0.717417404,-0.730769231,0.842743363,0.641025641,1.395731707
0.406601006,-0.689243956,1.390023736,0.384615385,-1.043292683
1.873680382,-0.730769231,2.265672331,0.128205128,-1.043292683
2.104345171,-0.704711099,1.225839624,0.299145299,-1.043292683
1.480464588,-0.730769231,1.006927475,0.299145299,1.395731707
0.956209155,-0.730769231,1.335295698,0.384615385,1.395731707
0.235934909,-0.730769231,0.952199438,0.641025641,-0.433536585
1.366098692,-0.730769231,0.733287289,0.811965812,1.395731707
1.188267606,-0.730769231,0.788015326,0.982905983,-0.433536585
-1.105197384,-0.730769231,1.335295698,0.47008547,1.395731707
-0.225481992,-0.730769231,1.827848033,0.47008547,1.395731707
0.893969618,-0.730769231,2.648768592,-0.213675214,-1.043292683
-1.897688732,-0.730769231,1.663663922,0.555555556,-0.433536585
-0.635543561,-0.730769231,1.225839624,0.128205128,1.395731707
0.026977163,-0.730769231,1.006927475,0.299145299,1.395731707
1.192487324,-0.730769231,0.842743363,0.384615385,1.395731707
-0.712150302,-0.730769231,0.623831214,0.299145299,1.395731707
-0.603838431,-0.730769231,0.404919065,0.47008547,1.395731707
-0.854878773,-0.730769231,0.131278879,0.47008547,1.395731707
-0.951377465,-0.730769231,-0.08763327,0.47008547,1.395731707
-0.778038833,-0.730769231,-0.032905232,0.47008547,1.395731707
0.969735211,-0.730769231,-0.197089344,0.47008547,1.395731707
0.41635171,-0.730769231,-0.361273456,0.299145299,-0.433536585
-0.541999698,-0.730769231,-0.525457567,0.47008547,1.395731707
0.470857445,-0.730769231,-0.744369716,0.47008547,1.395731707
-0.610838229,-0.730769231,-0.744369716,0.47008547,1.395731707
0.414674849,-0.730769231,-0.416001493,0.384615385,1.395731707
0.575086419,-0.730769231,-0.416001493,0.299145299,1.395731707
-0.593570624,-0.730769231,-0.361273456,0.384615385,-0.433536585
-0.408667706,-0.730769231,-0.525457567,0.299145299,1.395731707
-0.457023239,-0.730769231,-0.416001493,0.299145299,-0.433536585
1.169414688,-0.730769231,-0.525457567,0.47008547,1.395731707
0.10412334,-0.730769231,-0.634913642,0.299145299,1.395731707
-0.680901107,-0.730769231,-0.689641679,0.128205128,1.395731707
0.486719618,-0.730769231,-0.689641679,0.213675214,1.395731707
-0.382557143,-0.730769231,-0.634913642,0.299145299,1.395731707
0.421403823,-0.730769231,-0.744369716,0.299145299,1.395731707
0.733435614,-0.730769231,-0.580185605,0.042735043,1.395731707
0.303042354,-0.730769231,-0.032905232,-0.128205128,1.395731707
1.181852918,-0.604453516,-0.251817381,-0.384615385,-0.433536585
0.261284205,-0.730769231,-0.689641679,-0.384615385,1.395731707
-1.286744769,-0.730769231,-0.47072953,-0.384615385,1.395731707
0.258035312,-0.730769231,-0.47072953,-0.042735043,1.395731707
0.229456137,-0.730769231,0.076550842,-0.128205128,-0.433536585
-1.185465895,-0.730769231,-0.689641679,-0.213675214,1.395731707
-1.437871227,-0.730769231,-0.634913642,-0.213675214,1.395731707
-0.010953823,-0.730769231,-0.689641679,-0.384615385,1.395731707
0.709332998,-0.730769231,-0.47072953,-0.384615385,1.395731707
-0.211772435,-0.730769231,-0.963281865,-0.299145299,1.395731707
-0.335647384,-0.730769231,-0.799097754,-0.299145299,1.395731707
-0.175673139,-0.730769231,-1.018009902,-0.213675214,1.395731707
-0.926108652,-0.730769231,-0.744369716,-0.384615385,1.395731707
0.912740946,-0.57303022,-0.799097754,-0.042735043,-1.043292683
0.135259054,-0.667961758,-0.689641679,-0.299145299,-1.043292683
-0.300748491,-0.730769231,-0.853825791,-0.555555556,1.395731707
0.569011066,-0.730769231,-0.580185605,-0.726495726,1.395731707
-0.469470121,-0.730769231,-0.47072953,-0.726495726,1.395731707
-0.786787827,-0.730769231,-0.08763327,-0.726495726,1.395731707
-1.002108853,-0.730769231,-0.032905232,-0.555555556,1.395731707
0.264826258,-0.730769231,-0.251817381,-0.555555556,-0.433536585
-0.136454427,-0.730769231,-0.634913642,-0.555555556,1.395731707
0.938423239,-0.730769231,-0.744369716,-0.384615385,1.395731707
-0.239562475,-0.730769231,-0.361273456,-0.47008547,1.395731707
-0.69266831,-0.730769231,-0.306545419,-0.384615385,1.395731707
-1.673302113,-0.730769231,-0.197089344,-0.555555556,-0.433536585
-0.675323441,-0.730769231,-0.361273456,-0.897435897,1.395731707
-0.554451911,-0.636428901,-0.799097754,-0.897435897,0.176219512
-0.394613984,-0.730769231,-0.47072953,-0.726495726,1.395731707
0.331917807,-0.730769231,-0.525457567,-0.555555556,1.395731707
-0.71776841,-0.730769231,-0.634913642,-0.641025641,1.395731707
-0.098794266,-0.730769231,-0.306545419,-0.555555556,1.395731707
-0.704329879,-0.730769231,-0.525457567,-0.555555556,1.395731707
-0.43025171,-0.730769231,-0.744369716,-0.555555556,1.395731707
0.445380885,-0.730769231,-0.634913642,-0.555555556,1.395731707
-0.411142052,-0.713032198,-0.689641679,-0.555555556,-1.043292683
0.522073843,0.266043736,-0.47072953,-0.384615385,-1.043292683
0.569172535,0.762848571,-0.47072953,-0.555555556,-0.433536585
0.513568913,0.046039121,-0.416001493,-0.897435897,-1.043292683
1.178515895,-0.730769231,-0.525457567,-1.068376068,1.395731707
0.099130885,-0.589824505,-0.853825791,-1.41025641,0.176219512
-0.613259457,0.041755934,-1.018009902,-1.495726496,-1.043292683
0.638092455,0.102165495,-0.306545419,-1.581196581,-1.043292683
-1.821498994,-0.065865165,-0.525457567,-1.752136752,1.395731707
-0.119931992,0.269343077,-0.47072953,-1.41025641,0.176219512
0.581289135,-0.390963297,-0.251817381,-1.239316239,0.176219512
-0.946427666,-0.594147143,-0.142361307,-1.239316239,-1.043292683
-0.437562877,-0.42272978,-0.580185605,-1.239316239,-1.043292683
-1.877550604,-0.730769231,-0.251817381,-1.239316239,-0.433536585
-0.233530885,-0.596061429,-0.142361307,-1.153846154,0.176219512
-2.23042505,-0.57749044,-0.251817381,-1.324786325,1.395731707
0.722778571,-0.692301538,-0.47072953,-1.239316239,-1.043292683
0.823275654,-0.488733077,0.021822805,-1.495726496,-0.433536585
-2.201796177,-0.700551319,-0.142361307,-1.752136752,-0.433536585
0.78976006,-0.302915055,-0.142361307,-1.581196581,-0.433536585
0.470087928,-0.302861648,-0.525457567,-1.666666667,-1.043292683
-0.35942998,-0.315928132,0.623831214,-1.666666667,-1.043292683
1.23652334,-0.549154945,0.295462991,-1.581196581,-1.043292683
-0.943966398,-0.403386044,0.076550842,-1.752136752,-0.433536585
0.483677968,-0.047761758,0.51437514,-1.752136752,-1.043292683
-2.130283099,0.14439978,0.842743363,-1.41025641,1.395731707
-1.186690241,0.53701978,0.842743363,-1.495726496,1.395731707
-1.553112877,0.72555989,0.733287289,-1.581196581,1.395731707
-2.281653018,0.213518022,0.295462991,-1.752136752,1.395731707
-0.666434608,-0.246746154,-0.032905232,-1.752136752,0.176219512
1.337133099,-0.730769231,-0.08763327,-1.581196581,1.395731707
-1.40697163,-0.730769231,-0.08763327,-1.324786325,-0.433536585
1.14137998,-0.47136956,-0.197089344,-1.239316239,0.176219512
-2.651634105,-0.643118571,0.240734954,-1.239316239,1.395731707
0.541698994,-0.730769231,-0.251817381,-1.068376068,-0.433536585
0.543826459,-0.730769231,-0.251817381,-0.982905983,1.395731707
1.178337022,-0.730769231,0.404919065,-0.811965812,1.395731707
-0.358820926,-0.730769231,0.733287289,-0.897435897,1.395731707
0.480379678,-0.730769231,0.240734954,-1.41025641,1.395731707
1.587827364,-0.679817802,-0.197089344,-2.008547009,-0.433536585
-0.715221026,-0.726487692,0.131278879,-2.094017094,-1.043292683
0.060540845,-0.730769231,0.076550842,-1.923076923,1.395731707
-0.218710765,-0.695062527,-0.634913642,-1.923076923,-1.043292683
0.089028773,-0.510480549,0.240734954,-1.923076923,-1.043292683
-0.722448994,-0.179221209,0.240734954,-1.923076923,-0.433536585
-0.56177998,-0.662480659,0.459647103,-1.581196581,0.176219512
-3.322925553,0.019013187,0.623831214,-1.41025641,1.395731707
-0.284238531,-0.305747802,-0.47072953,-1.324786325,-0.433536585
0.444139537,-0.275667033,-0.47072953,-1.239316239,-1.043292683
-2.170310463,-0.491272857,-0.08763327,-1.068376068,1.395731707
-0.793240744,-0.048544176,-0.142361307,-0.897435897,-1.043292683
1.338002012,0.206139451,-0.197089344,-0.641025641,0.176219512
-0.288969014,-0.536175495,-0.142361307,-0.555555556,-1.043292683
0.082550503,-0.368396923,0.021822805,-0.555555556,0.176219512
-0.303254427,-0.693596593,0.295462991,-1.068376068,-0.433536585
-2.165055533,-0.583831538,0.404919065,-1.41025641,1.395731707
0.303259054,-0.144869231,-0.416001493,-0.982905983,-1.043292683
0.62823833,-0.280938571,-0.416001493,-1.581196581,-1.043292683
1.023751811,-0.362139011,0.186006917,-1.752136752,-0.433536585
-0.498421932,0.487677253,-0.361273456,-1.752136752,0.176219512
-0.252545473,1.177036484,-0.197089344,-1.837606838,-0.433536585
0.685184809,0.537977143,-0.416001493,-1.581196581,0.176219512
2.324784306,0.481012088,-0.142361307,-1.41025641,0.176219512
0.208519115,-0.046587802,-0.08763327,-1.153846154,-1.043292683
0.33910332,-0.279399121,-0.306545419,-0.897435897,-1.043292683
-0.282524044,0.229181868,-0.306545419,-0.897435897,0.176219512
-0.786443561,0.851863407,-0.306545419,-0.726495726,-1.043292683
0.482111368,0.791556154,-0.361273456,-0.555555556,-1.043292683
0.586887726,0.082595275,-0.963281865,-0.555555556,-1.043292683
-1.353986821,-0.137000989,-0.580185605,-0.726495726,1.395731707
1.803124044,1.61365967,-0.525457567,-0.982905983,-1.043292683
0.673659859,2.022550549,-0.853825791,-0.897435897,0.176219512
1.104182495,2.181263736,-0.744369716,-0.726495726,0.176219512
-0.946058753,1.075845275,-0.580185605,-0.555555556,-1.043292683
-0.297828974,0.677102527,-0.744369716,-0.555555556,0.176219512
-0.798361268,0.36405978,-0.525457567,-0.213675214,0.176219512
0.453682093,0.048959121,-0.47072953,-0.726495726,-1.043292683
0.914887022,0.658637253,-0.744369716,-0.726495726,0.176219512
-0.299257545,1.686584286,-0.525457567,-0.384615385,0.176219512
-0.084811167,1.465251319,-0.908553828,-0.213675214,-1.043292683
0.367221529,1.695942198,-0.634913642,-0.299145299,-1.043292683
1.519981489,1.935560769,-0.853825791,-0.128205128,0.176219512
2.523799497,2.028276813,-0.251817381,-0.213675214,-0.433536585
0.11266992,2.09186956,-0.142361307,-0.042735043,-0.433536585
0.547777565,2.334420549,0.076550842,-0.042735043,-1.043292683
-0.813303924,2.610067912,-0.032905232,-0.042735043,-1.043292683
-1.558266901,2.066118571,-0.08763327,0.042735043,-0.433536585
-0.874596982,1.04111011,-0.580185605,0.042735043,-1.043292683
-0.686956137,0.302942967,-0.306545419,0.042735043,0.176219512
-0.057225755,0.16679967,-0.689641679,0.299145299,0.176219512
-0.897655533,-0.182870769,-0.416001493,0.128205128,0.176219512
-0.85446831,0.119611978,-0.689641679,0.213675214,0.176219512
-2.270272736,0.577223407,-0.525457567,0.128205128,1.395731707
0.585802414,1.320724176,0.186006917,-0.213675214,-1.043292683
1.057632696,0.826112747,-1.127465977,-0.555555556,0.176219512
0.258939034,1.132927473,-0.744369716,-0.641025641,0.176219512
0.097919618,1.858493736,-1.236922051,-0.384615385,0.176219512
-0.125323441,2.410892527,-1.346378126,-0.213675214,0.176219512
0.800936117,2.709244176,-1.07273794,0.128205128,0.176219512
1.249698491,2.847322088,-0.853825791,0.128205128,-1.043292683
-0.161411771,2.508028791,-0.908553828,-0.042735043,0.176219512
0.859157042,2.279177692,-0.689641679,-0.128205128,0.176219512
-0.035850905,3.184030879,-0.744369716,0.213675214,0.176219512
-0.806797082,2.347028571,0.842743363,-0.299145299,-1.043292683
0.870101006,2.576278571,1.937304108,-0.811965812,-0.433536585
-0.639999698,1.595322967,1.554207847,-0.811965812,-1.043292683
1.219579477,1.409117802,0.623831214,-0.641025641,-1.043292683
0.916596076,1.732896374,0.404919065,-0.384615385,-0.433536585
-0.818353823,2.226265824,0.842743363,-0.299145299,-1.043292683
1.102331489,2.581481978,1.061655512,-0.47008547,-0.433536585
0.585614588,2.682330989,0.295462991,-0.384615385,0.176219512
-0.633830382,2.351097473,-0.197089344,-0.555555556,0.176219512
-0.86273169,1.677038681,-0.47072953,-0.384615385,-0.433536585
-1.234792757,1.34442022,-1.127465977,-0.213675214,1.395731707
0.078774044,1.479343626,-1.236922051,0.299145299,0.176219512
0.089771127,0.978196703,-0.634913642,-0.128205128,0.176219512
0.250554628,1.248688901,-0.853825791,-0.213675214,0.176219512
0.153157746,1.268761099,-0.634913642,0.641025641,0.176219512
2.81077837,2.175883626,-0.799097754,0.299145299,-1.043292683
0.41523501,2.003253846,-0.744369716,0.299145299,0.176219512
-1.926695473,1.413617253,-1.127465977,0.128205128,1.395731707
2.594234406,1.945441319,-0.853825791,-0.213675214,-1.043292683
-1.562916801,2.169304615,-0.963281865,-0.042735043,1.395731707
-0.303098793,1.585546593,-0.963281865,-0.299145299,-1.043292683
0.362270624,2.816918352,-0.908553828,-0.042735043,0.176219512
1.655167807,1.685635495,-1.291650089,0.299145299,0.176219512
-1.436746278,1.785908681,-1.620018312,0.384615385,1.395731707
0.25441167,1.006336923,-1.674746349,0.641025641,0.176219512
-0.32185,2.021064945,-1.291650089,0.47008547,0.176219512
1.633582696,1.645438571,-1.182194014,0.555555556,0.176219512
1.670360664,2.485177363,-1.346378126,0.641025641,0.176219512
0.494825654,2.363195275,-1.346378126,0.982905983,0.176219512
-0.039059256,2.154688571,-1.565290275,1.068376068,-1.043292683
-1.666611268,1.413289121,-1.236922051,0.982905983,1.395731707
-0.351587324,0.93779967,-1.346378126,1.153846154,0.176219512
0.173337626,0.832020769,-1.948386535,0.982905983,-1.043292683
-0.125056539,0.306038462,-1.620018312,0.726495726,0.176219512
1.902155332,0.479793626,-1.838930461,0.641025641,0.176219512
1.355659256,0.343215714,-2.167298684,0.641025641,-1.043292683
0.916837425,0.070741099,-2.112570647,0.726495726,-1.043292683
-0.514255231,-0.162201538,-1.948386535,0.641025641,-1.043292683
0.181137726,0.126283846,-1.784202424,0.811965812,0.176219512
0.251306539,0.051533516,-0.963281865,0.384615385,-1.043292683
0.599245976,0.126578242,-1.018009902,0.299145299,0.176219512
-1.254593863,-0.261268132,-1.291650089,0.811965812,1.395731707
1.979652515,-0.11331978,-1.236922051,0.982905983,0.176219512
1.07736992,0.009385275,-1.236922051,0.811965812,0.176219512
-2.221025553,-0.240488571,-1.127465977,0.811965812,1.395731707
-0.931611167,0.230678681,-1.236922051,0.982905983,0.176219512
-0.785146076,-0.232244835,-1.346378126,1.153846154,-1.043292683
-0.119672435,-0.090598681,-1.401106163,1.153846154,-1.043292683
0.403919718,-0.727270989,-1.565290275,1.324786325,-1.043292683
0.014009356,-0.264388901,-1.346378126,1.495726496,0.176219512
0.537346982,0.195513846,-1.4558342,1.324786325,-1.043292683
0.42363008,0.35370978,-1.291650089,1.41025641,0.176219512
-1.143619215,0.463580659,-1.346378126,1.495726496,-1.043292683
0.011561569,-0.198555714,-1.127465977,1.495726496,0.176219512
1.0610333,0.382448791,-0.853825791,1.068376068,0.176219512
-0.425763481,0.143743846,-1.401106163,1.324786325,-1.043292683
-1.081173944,-0.241511209,-1.018009902,1.324786325,-1.043292683
-0.786303823,-0.293035165,-1.127465977,1.41025641,-1.043292683
-0.723054125,0.560401978,-1.565290275,1.923076923,-1.043292683
0.97469829,0.073484615,-1.620018312,1.752136752,-1.043292683
0.295454326,-0.143215055,-1.346378126,1.752136752,0.176219512
-0.441899598,0.386804286,-1.291650089,1.837606838,0.176219512
0.568507847,0.460885604,-1.182194014,1.752136752,0.176219512
0.504360362,1.741187473,-1.401106163,1.666666667,0.176219512
-0.767221328,1.963903736,-1.565290275,1.837606838,-1.043292683
-0.951280986,0.858211758,-1.401106163,1.923076923,0.176219512
-0.617370926,0.392442088,-1.127465977,1.837606838,-1.043292683
0.635217505,-0.396598462,-1.018009902,1.495726496,0.176219512
-0.367534004,-0.387246813,-0.853825791,1.324786325,0.176219512
0.693187223,-0.543638791,-0.634913642,1.153846154,0.176219512
1.51699497,-0.730769231,-0.47072953,1.153846154,-1.043292683
-1.172505231,-0.730769231,-0.634913642,1.495726496,-1.043292683
1.067087223,-0.730769231,-0.525457567,1.153846154,-1.043292683
-0.238518209,-0.730769231,0.240734954,0.897435897,1.395731707
-1.153320322,-0.730769231,0.51437514,0.47008547,-0.433536585
-0.536703219,-0.730769231,0.459647103,0.641025641,-0.433536585
-1.829799799,-0.730769231,0.076550842,1.239316239,0.176219512
-0.184726962,-0.730769231,-0.306545419,1.495726496,-1.043292683
1.040338129,-0.730769231,-0.47072953,1.495726496,-0.433536585
0.127161569,-0.730769231,-0.689641679,1.666666667,-1.043292683
1.471990443,-0.730769231,-1.07273794,2.008547009,-1.043292683
-0.321475453,-0.730769231,-1.236922051,2.179487179,-1.043292683
0.19806841,-0.730769231,-1.018009902,1.837606838,-1.043292683
0.972349698,-0.730769231,-0.908553828,1.923076923,-1.043292683
-0.860745171,-0.730769231,-0.251817381,1.324786325,-1.043292683
0.617762173,-0.730769231,1.335295698,0.299145299,-0.433536585
-1.670899799,-0.730769231,2.046760182,0.213675214,1.395731707
0.105928471,-0.730769231,0.569103177,0.811965812,-0.433536585
-0.326362072,-0.730769231,0.842743363,0.811965812,-0.433536585
1.871440946,-0.730769231,0.076550842,0.982905983,-0.433536585
0.94736338,-0.730769231,-0.306545419,0.982905983,1.395731707
-1.997157746,-0.730769231,-0.908553828,1.153846154,0.78597561
0.350849698,-0.730769231,-0.963281865,1.153846154,-1.043292683
2.616668612,-0.707934066,-0.744369716,1.324786325,-1.043292683
0.858141147,-0.730769231,-0.744369716,1.324786325,-1.043292683
1.261709557,-0.730769231,-0.799097754,1.495726496,-1.043292683
-1.077257847,-0.730769231,-0.361273456,1.239316239,0.78597561
-0.38663169,-0.730769231,-0.306545419,0.811965812,1.395731707
-0.194219115,-0.730769231,0.021822805,1.153846154,-1.043292683
0.792381388,-0.730769231,-0.47072953,0.982905983,1.395731707
0.028095473,-0.730769231,-0.634913642,1.068376068,1.395731707
0.959719517,-0.730769231,-0.853825791,1.239316239,-1.043292683
0.85294497,-0.730769231,-0.032905232,0.982905983,1.395731707
1.089200704,-0.730769231,-0.197089344,0.811965812,1.395731707
0.338789336,-0.730769231,-0.634913642,1.153846154,-1.043292683
-0.705946278,-0.730769231,-0.689641679,1.495726496,-1.043292683
-1.141199598,-0.730769231,-0.47072953,1.495726496,-0.433536585
-1.649685111,-0.730769231,-0.08763327,1.495726496,0.78597561
-0.938033702,-0.730769231,1.061655512,1.153846154,-1.043292683
-2.647250604,-0.680935055,1.718391959,0.811965812,-0.433536585
-0.96286499,-0.730769231,1.608935884,0.811965812,1.395731707
1.242916801,-0.730769231,0.733287289,0.811965812,1.395731707
-1.045795976,-0.730769231,0.678559252,0.982905983,1.395731707
1.623729376,-0.730769231,0.459647103,0.897435897,1.395731707
1.823813883,-0.730769231,0.459647103,1.324786325,-0.433536585
-1.09266328,-0.730769231,0.678559252,1.324786325,-0.433536585
2.131445976,-0.730769231,0.295462991,1.324786325,-0.433536585
0.277875151,-0.730769231,-0.08763327,1.324786325,-1.043292683
-0.073236519,-0.725065714,0.240734954,1.068376068,-1.043292683
-0.829234608,-0.730769231,0.842743363,0.982905983,1.395731707
0.090472535,-0.730769231,0.678559252,1.153846154,-0.433536585
0.738455533,-0.726106044,0.459647103,1.153846154,-1.043292683
0.527889738,-0.730769231,0.569103177,0.811965812,1.395731707
-0.192674145,-0.730769231,1.061655512,0.641025641,-0.433536585
2.332595272,-0.730769231,2.429856443,0.299145299,-1.043292683
-0.31299326,-0.712314615,1.882576071,0.47008547,-0.433536585
0.99162334,-0.579147692,1.061655512,0.897435897,-1.043292683
-1.583184708,-0.457282418,1.006927475,0.726495726,1.395731707
1.323232596,-0.161966264,0.8974714,0.897435897,-1.043292683
1.435910765,-0.024880989,0.952199438,0.897435897,-1.043292683
0.016626559,-0.55423033,0.842743363,0.982905983,-0.433536585
-1.781101308,-0.220435934,0.569103177,1.068376068,1.395731707
1.732357847,-0.550903736,0.952199438,0.982905983,-1.043292683
-1.564123441,-0.60439978,1.882576071,0.384615385,-0.433536585
1.129059155,-0.730769231,1.937304108,0.299145299,1.395731707
0.700400101,-0.730769231,1.335295698,0.641025641,1.395731707
0.069168511,-0.653887912,1.390023736,0.641025641,-1.043292683
0.349266499,-0.730769231,1.554207847,0.726495726,-0.433536585
-0.217671328,-0.548836484,1.937304108,0.641025641,-1.043292683
-1.483107847,-0.730769231,1.663663922,0.299145299,-0.433536585
0.812772435,-0.730769231,1.992032145,0.299145299,1.395731707
0.47698169,-0.730769231,2.429856443,0.042735043,-1.043292683
-0.183583803,-0.362073516,2.046760182,0.47008547,-1.043292683
-0.507119215,0.113891538,1.718391959,0.47008547,-0.433536585
-0.556522133,-0.730769231,1.718391959,0.47008547,-0.433536585
-1.153891549,-0.730769231,2.539312517,-0.042735043,-0.433536585
0.814593763,-0.453057033,1.992032145,0.128205128,-0.433536585
0.283285111,-0.080835714,1.49947981,0.47008547,-0.433536585
0.282436217,-0.060415604,1.444751773,0.641025641,-0.433536585
-0.321855332,0.963608571,1.390023736,0.641025641,-1.043292683
-0.456360262,1.371311648,1.49947981,0.299145299,-1.043292683
-1.313545674,0.609324505,1.773119996,0.641025641,1.395731707
0.251782696,0.997706813,1.663663922,0.47008547,-1.043292683
-1.17707173,0.669285385,1.773119996,0.555555556,-0.433536585
0.670997485,1.176399341,1.390023736,0.555555556,-1.043292683
1.458582696,0.554268462,1.554207847,0.641025641,-1.043292683
0.700326761,0.81104011,1.444751773,0.641025641,-1.043292683
-0.611755433,0.117213407,1.335295698,0.811965812,-1.043292683
1.569959054,0.021117033,1.827848033,0.811965812,-0.433536585
1.063138431,-0.40523956,1.49947981,0.47008547,-1.043292683
0.071356439,-0.681761538,1.663663922,0.811965812,-0.433536585
0.540177062,-0.730769231,1.335295698,0.811965812,1.395731707
-3.199167706,-0.580454945,1.335295698,0.811965812,1.395731707
0.014765594,-0.730769231,2.210944294,0.128205128,-1.043292683
-0.254032897,-0.730769231,2.375128406,0.299145299,-0.433536585
-1.69523833,-0.730769231,2.10148822,0.47008547,1.395731707
1.092151107,-0.730769231,2.046760182,0.299145299,1.395731707
0.357049195,-0.730769231,1.663663922,0.47008547,-0.433536585
1.009148893,-0.669134505,1.773119996,0.299145299,-1.043292683
0.648507847,-0.730769231,1.773119996,0.213675214,-0.433536585
0.814025956,-0.730769231,1.554207847,0.299145299,1.395731707
1.451517203,-0.730769231,1.444751773,0.128205128,1.395731707
0.376603521,-0.730769231,1.171111587,0.299145299,-0.433536585
0.81431841,-0.635130659,1.171111587,0.47008547,-1.043292683
-0.442584708,-0.549219451,0.788015326,0.641025641,-1.043292683
0.830378571,-0.730769231,1.554207847,0.47008547,-0.433536585
0.788013783,1.302265055,2.594040555,-0.213675214,-1.043292683
1.388072837,0.521101868,2.046760182,0.213675214,-1.043292683
1.147169115,0.391273187,1.390023736,0.47008547,-1.043292683
-0.423356439,0.424057363,0.788015326,0.641025641,-1.043292683
0.442587324,0.58463989,1.116383549,0.555555556,-1.043292683
-0.419414588,0.533384505,1.608935884,0.47008547,-0.433536585
0.199706137,0.124034396,1.444751773,0.299145299,-1.043292683
0.93981499,-0.644476593,1.171111587,0.384615385,-1.043292683
-0.506105131,0.241325495,0.8974714,0.555555556,-1.043292683
-0.849006237,0.145301538,0.733287289,0.641025641,-1.043292683
0.32379004,-0.005448901,0.459647103,0.811965812,0.176219512
1.61717163,-0.730769231,0.459647103,0.811965812,1.395731707
0.834848089,-0.730769231,0.186006917,0.811965812,-0.433536585
1.400067606,-0.643428681,0.186006917,0.982905983,-0.433536585
0.529697284,-0.730769231,0.295462991,0.811965812,-0.433536585
1.394826258,-0.730769231,-0.032905232,0.811965812,1.395731707
0.093897787,-0.730769231,0.021822805,0.982905983,1.395731707
0.487893058,-0.730769231,-0.032905232,1.068376068,-0.433536585
-1.355198793,-0.730769231,0.131278879,1.068376068,1.395731707
0.872000905,-0.730769231,0.240734954,0.982905983,1.395731707
-0.192464386,-0.730769231,0.952199438,0.726495726,1.395731707
1.472828873,-0.730769231,0.733287289,0.47008547,1.395731707
0.443330885,-0.730769231,0.459647103,0.555555556,1.395731707
1.98558672,-0.730769231,0.186006917,0.811965812,-0.433536585
-1.435923038,-0.730769231,-0.032905232,0.641025641,-0.433536585
0.659354829,-0.730769231,-0.032905232,0.811965812,-0.433536585
-1.249767706,-0.693658791,0.131278879,0.811965812,1.395731707
0.384183099,-0.683778901,0.076550842,0.811965812,-1.043292683
-1.171174849,-0.730769231,-0.197089344,0.726495726,1.395731707
-0.976910362,-0.730769231,-0.47072953,0.555555556,1.395731707
1.56064668,-0.730769231,-0.416001493,0.897435897,1.395731707
0.022983602,-0.730769231,-0.251817381,0.811965812,1.395731707
-0.099509658,-0.730769231,-0.799097754,1.068376068,1.395731707
-0.335257445,-0.730769231,-0.580185605,0.811965812,1.395731707
0.304090543,-0.730769231,-1.07273794,0.811965812,1.395731707
-1.12077827,-0.547672418,-0.525457567,0.641025641,1.395731707
1.550374145,-0.730769231,-0.142361307,0.47008547,1.395731707
0.030438732,-0.730769231,0.131278879,0.641025641,1.395731707
-0.971791046,-0.730769231,-0.634913642,0.641025641,1.395731707
0.515112072,-0.613598571,-0.963281865,0.641025641,0.176219512
0.151482394,-0.730769231,-0.963281865,0.641025641,1.395731707
0.460820221,-0.730769231,-0.634913642,0.555555556,1.395731707
0.707610664,-0.047460549,-0.580185605,0.299145299,0.176219512
-0.511342153,1.313085495,-0.525457567,0.47008547,-1.043292683
-0.803725755,0.016973736,-0.251817381,0.555555556,0.176219512
0.1167167,-0.730769231,-0.47072953,0.555555556,1.395731707
0.244097284,-0.730769231,-0.251817381,0.641025641,1.395731707
0.06359829,-0.730769231,-0.361273456,0.47008547,1.395731707
0.643821932,-0.730769231,-0.251817381,0.641025641,1.395731707
-0.705004024,-0.730769231,0.678559252,-0.213675214,1.395731707
-0.516564889,-0.730769231,0.51437514,0.128205128,1.395731707
0.668398692,-0.666850549,0.350191028,0.042735043,-1.043292683
-0.030021831,-0.321522747,0.459647103,0.042735043,-0.433536585
0.908329577,-0.60327978,0.131278879,0.042735043,-0.433536585
1.173201107,-0.730769231,-0.08763327,0.213675214,1.395731707
-1.357491147,-0.730769231,-0.08763327,-0.384615385,1.395731707
1.420210362,-0.730769231,-0.142361307,0.213675214,1.395731707
-0.213237324,-0.730769231,-0.08763327,0.128205128,1.395731707
0.449544266,-0.730769231,-0.032905232,0.042735043,1.395731707
-0.510032394,-0.730769231,-0.47072953,-0.042735043,-0.433536585
-1.714289638,-0.730769231,-0.08763327,-0.042735043,1.395731707
0.088902515,-0.730769231,-0.251817381,0.128205128,-0.433536585
1.130202616,-0.730769231,-0.306545419,0.128205128,-0.433536585
0.644478068,-0.465697253,0.021822805,-0.213675214,-0.433536585
0.5103666,-0.730769231,0.021822805,-0.042735043,1.395731707
-1.51246499,-0.730769231,0.021822805,-0.213675214,1.395731707
-0.200015895,-0.681536154,0.186006917,-0.213675214,-1.043292683
-1.022425453,-0.581707143,0.021822805,-0.128205128,-0.433536585
-0.12149326,-0.730769231,-0.032905232,0.042735043,1.395731707
0.643294165,-0.730769231,-0.032905232,0.128205128,-0.433536585
0.945621831,-0.730769231,0.076550842,-0.042735043,1.395731707
-1.660101207,-0.279712527,0.240734954,-0.384615385,1.395731707
0.804121932,-0.285806484,0.076550842,-0.213675214,-0.433536585
-0.159441348,-0.694883516,0.51437514,-0.213675214,-1.043292683
-0.160005131,-0.730769231,0.295462991,-0.213675214,1.395731707
0.482743863,-0.26361989,0.350191028,-0.042735043,-0.433536585
-0.249714286,-0.291630879,0.569103177,-0.299145299,-1.043292683
0.156878068,-0.264274615,0.569103177,-0.042735043,-1.043292683
-1.12400996,0.408820549,0.733287289,-0.384615385,1.395731707
0.840179175,0.03116956,0.569103177,-0.384615385,-0.433536585
-0.934842857,0.22049978,0.788015326,-0.555555556,-0.433536585
0.368738431,-0.042623516,0.788015326,-0.555555556,-1.043292683
0.679227163,-0.419913077,0.350191028,-0.47008547,-1.043292683
0.249912173,-0.468087473,0.8974714,-0.555555556,-1.043292683
0.946329577,-0.237773736,0.733287289,-0.897435897,-1.043292683
-0.923381087,-0.450812198,0.51437514,-1.239316239,-1.043292683
2.156870825,-0.730769231,0.240734954,-1.41025641,1.395731707
0.081976861,-0.730769231,-0.032905232,-1.495726496,1.395731707
-0.868634909,-0.730769231,-0.251817381,-1.068376068,1.395731707
0.058475453,-0.730769231,-0.197089344,-1.239316239,1.395731707
-1.421772233,-0.730769231,0.076550842,-1.239316239,1.395731707
-0.75469326,-0.61423989,0.021822805,-1.153846154,-1.043292683
0.747332897,-0.730769231,-0.47072953,-1.239316239,1.395731707
-0.894357344,-0.730769231,-0.634913642,-1.153846154,1.395731707
0.75839326,-0.730769231,-0.47072953,-0.384615385,1.395731707
-0.337759557,-0.479557692,-0.251817381,-0.213675214,-1.043292683
0.321478471,-0.346636813,0.8974714,-0.555555556,-1.043292683
-0.223355131,-0.730769231,0.678559252,-0.897435897,1.395731707
0.29158008,-0.730769231,0.623831214,-1.239316239,-0.433536585
0.805217606,-0.730769231,0.404919065,-1.495726496,-0.433536585
-0.835006237,-0.569556044,0.186006917,-1.068376068,0.176219512
0.26087495,-0.730769231,-0.197089344,-1.581196581,1.395731707
0.836074547,-0.730769231,-0.142361307,-1.666666667,-0.433536585
-1.977477666,-0.542119231,0.51437514,-1.666666667,-0.433536585
0.249123038,-0.402655824,0.186006917,-1.41025641,-1.043292683
1.618062173,-0.730769231,0.131278879,-1.324786325,1.395731707
0.394592958,-0.730769231,-0.032905232,-1.153846154,1.395731707
-0.629386016,-0.588956044,-0.416001493,-1.068376068,-0.433536585
-1.120299497,-0.730769231,-0.634913642,-1.324786325,1.395731707
1.202699899,-0.54757967,0.021822805,-1.41025641,-0.433536585
-0.485694266,-0.472072637,-0.032905232,-1.068376068,-1.043292683
0.145869014,-0.730769231,0.459647103,-0.897435897,-0.433536585
-0.470237123,-0.680861538,0.459647103,-1.153846154,-0.433536585
-3.58156167,-0.413504835,0.788015326,-1.41025641,1.395731707
-0.283624044,-0.668575934,0.678559252,-1.41025641,-0.433536585
-1.122208652,-0.369727912,0.404919065,-1.41025641,-0.433536585
0.3272667,-0.730769231,0.8974714,-1.324786325,-0.433536585
-0.445863078,-0.43125033,1.006927475,-1.41025641,-1.043292683
0.974537726,-0.195521209,0.952199438,-1.666666667,-0.433536585
0.141728471,-0.575690989,0.678559252,-1.752136752,-0.433536585
1.250941449,-0.278652418,0.733287289,-1.495726496,-1.043292683
-0.857503823,-0.085753077,0.240734954,-1.666666667,-1.043292683
0.720096076,-0.093386484,0.459647103,-1.581196581,0.176219512
-0.409316097,0.15738033,-0.032905232,-1.41025641,-0.433536585
1.205095573,0.323012308,0.131278879,-1.837606838,-1.043292683
1.053988229,0.93491956,0.021822805,-1.923076923,-1.043292683
-0.53028994,0.701683407,0.076550842,-1.752136752,-0.433536585
-0.39171006,0.783438352,-0.525457567,-1.666666667,-1.043292683
-0.715112475,-0.320804615,-0.525457567,-0.897435897,0.176219512
-1.213131087,-0.730769231,0.404919065,-2.094017094,1.395731707
-0.751025352,-0.730769231,0.404919065,-1.324786325,1.395731707
0.188689537,-0.730769231,1.061655512,-1.581196581,-0.433536585
-0.633628873,-0.730769231,0.8974714,-2.008547009,1.395731707
0.349384809,-0.414818901,0.569103177,-1.923076923,-1.043292683
0.486727364,0.13368989,0.350191028,-2.094017094,-1.043292683
1.311774145,0.103038132,-0.032905232,-1.837606838,-1.043292683
1.69015161,-0.593661319,-0.416001493,-1.41025641,-1.043292683
0.031425956,-0.191512747,-0.032905232,-1.581196581,-1.043292683
0.101480584,-0.730769231,0.131278879,-1.581196581,1.395731707
0.817148893,-0.693747582,0.021822805,-1.41025641,-0.433536585
1.236745875,0.009680989,0.295462991,-1.239316239,-1.043292683
0.446599899,-0.530070769,0.131278879,-1.239316239,-0.433536585
0.937641751,-0.150326703,-0.306545419,-1.752136752,-1.043292683
-0.400617002,-0.219457143,0.021822805,-1.923076923,-1.043292683
0.573884004,-0.525867582,-0.032905232,-1.752136752,-0.433536585
0.329663682,-0.060159231,0.131278879,-1.41025641,-1.043292683
0.532779879,-0.516706593,-0.306545419,-1.068376068,0.176219512
-0.106602515,0.430834396,-0.853825791,-0.897435897,-1.043292683
1.274638934,0.357144945,-0.689641679,-0.641025641,-1.043292683
-0.06879004,0.630962418,-0.08763327,-0.47008547,0.176219512
-1.574381891,0.686995385,0.021822805,-0.299145299,-0.433536585
-0.494844165,0.509013956,0.733287289,-0.641025641,-1.043292683
-0.340694266,1.320056923,0.51437514,-0.897435897,-1.043292683
1.829219416,1.897602637,0.240734954,-0.897435897,-0.433536585
0.594682495,2.900995495,0.240734954,-0.897435897,-1.043292683
1.207791851,1.911155495,-0.416001493,-0.555555556,-1.043292683
0.71278833,2.170714835,-0.251817381,-0.555555556,-1.043292683
-0.325066499,2.127798681,0.131278879,-0.897435897,0.176219512
0.302032294,1.308517143,0.459647103,-0.726495726,-1.043292683
-0.366809658,0.516534615,0.295462991,-0.641025641,0.176219512
0.863499095,-0.104681319,1.116383549,-0.897435897,-1.043292683
-0.238464085,-0.11046978,1.882576071,-1.324786325,-0.433536585
0.525452314,-0.461135165,2.539312517,-1.324786325,-1.043292683
-1.376274849,-0.339513077,1.663663922,-0.982905983,1.395731707
-1.972004125,-0.638580989,1.49947981,-1.068376068,1.395731707
-1.507305533,-0.669758791,1.608935884,-1.41025641,-0.433536585
1.10377505,-0.441494835,0.295462991,-1.41025641,-1.043292683
0.783801408,0.649794835,0.569103177,-1.239316239,-1.043292683
1.012661066,0.92758033,0.788015326,-1.239316239,-1.043292683
-0.811102414,0.573984615,0.51437514,-1.239316239,0.176219512
0.947695372,1.10146989,0.350191028,-1.068376068,-1.043292683
0.366800503,2.202932418,0.076550842,-0.726495726,-1.043292683
1.182166901,2.495983187,0.131278879,-0.897435897,-0.433536585
0.809722938,2.039841209,-0.251817381,-0.726495726,0.176219512
-0.313577364,1.794974835,-0.361273456,-0.384615385,-1.043292683
1.043971127,1.589061209,-0.416001493,-0.555555556,-1.043292683
2.074892455,2.475270879,0.240734954,-0.811965812,0.176219512
-0.097744165,2.706633516,0.8974714,-0.897435897,-1.043292683
-0.508436519,3.325633846,0.295462991,-0.726495726,-1.043292683
0.3038666,2.992128462,-0.416001493,-0.299145299,0.176219512
-0.060671932,2.453008901,0.678559252,-0.555555556,-0.433536585
0.598806237,1.835834505,1.225839624,-0.982905983,-1.043292683
0.063071831,0.885902637,0.733287289,-1.239316239,-1.043292683
0.997367203,1.72745044,0.131278879,-1.068376068,-0.433536585
0.335834306,2.786983077,-0.525457567,-0.897435897,0.176219512
-0.363827465,2.404333077,-0.799097754,-0.726495726,-1.043292683
-1.99664336,2.273193516,-0.689641679,-0.726495726,1.395731707
1.301722435,1.727476813,-0.525457567,-0.897435897,0.176219512
0.730610463,1.234665385,-0.634913642,-0.726495726,0.176219512
0.032794366,1.282764066,-1.018009902,-0.213675214,-1.043292683
-0.144418612,1.340026484,-0.744369716,-0.384615385,-1.043292683
-1.25817002,0.980201209,0.131278879,-0.213675214,1.395731707
